Number of points,1 Core - Pure Python,1 Core - Cython,1 Core - Cython+OpenMP,2 Core - Cython+OpenMP,4 Core - Cython+OpenMP,8 Core - Cython+OpenMP,16 Core - Cython+OpenMP
100,12.9635334,1.00874901,0.98633766,0.536111349,0.287792483,0.156413209,0.084517985
220,59.83901024,1.00541115,3.98850441,2.020867024,1.03027664,0.516569217,0.262197912
460,253.3218861,8.95452499,8.95452499,4.570850662,2.326712851,1.176444369,0.598516671
1000,1212.18729,12.36486435,28.9504528,14.60499175,7.389806439,3.794411665,1.917861198
2150,5577.966213,56.81800842,113.6670113,57.92539941,29.43049746,14.85398495,7.614109209
4640,27663.33246,240.9191132,839.2355442,426.3931594,215.1197503,109.393307,55.06143549
10000,124972.7418,1183.48074,2591.716051,1310.237886,674.3757425,339.9808136,172.9504538
